<?xml version="1.0" encoding="UTF-8"?>
<beans
	xmlns="http://www.springframework.org/schema/beans"
	xmlns:xsi="http://www.w3.org/2001/XMLSchema-instance"
	xmlns:p="http://www.springframework.org/schema/p"
	xsi:schemaLocation="http://www.springframework.org/schema/beans http://www.springframework.org/schema/beans/spring-beans-2.5.xsd">


	<bean id="dataSource"
		class="org.apache.commons.dbcp.BasicDataSource">
		<property name="url"
			value="jdbc:sqlserver://127.0.0.1:1433;databaseName=xsxkBFZL">
		</property>
		<property name="username" value="sa"></property>
		<property name="password" value="123456"></property>
	</bean>
	<bean id="mysessionFactory"
		class="org.springframework.orm.hibernate3.LocalSessionFactoryBean">
		<property name="dataSource">
			<ref bean="dataSource" />
		</property>
		<property name="hibernateProperties">
			<props>
				<prop key="hibernate.dialect">
					org.hibernate.dialect.SQLServerDialect
				</prop>
			</props>
		</property>
		<property name="mappingResources">
			<list>
				<value>org/model/Zyb.hbm.xml</value>
				<value>org/model/Xsb.hbm.xml</value>
				<value>org/model/Kcb.hbm.xml</value>
				<value>org/model/Dlb.hbm.xml</value></list>
		</property>
	</bean>
	<bean id="DlDaoImp" class="org.dao.imp.DlDaImp">
		<property name="sessionFactory">
			<ref bean="mysessionFactory" />
		</property>
	</bean>
	<bean id="XsDaoImp" class="org.dao.imp.XsDaoImp" >
		<property name="sessionFactory">
			<ref bean="mysessionFactory" />
		</property>
	</bean>
	<bean id="ZyDaoImp" class="org.dao.imp.ZyDaoImp" >
		<property name="sessionFactory">
			<ref bean="mysessionFactory" />
		</property>
	</bean>
	<bean id="KcDaoImp" class="org.dao.imp.KcDaoImp" >
		<property name="sessionFactory">
			<ref bean="mysessionFactory" />
		</property>
	</bean>
	<bean name="loginAction" class="org.action.LoginAction">
	   <property name="dlb" ref="DlDaoImp"></property>
	</bean>
	<bean name="XsAction" class="org.action.XsAction" scope="prototype">
	   <property name="xsDao" ref="XsDaoImp"></property>
	   <property name="zyDao" ref="ZyDaoImp"></property>
	   <property name="kcdao" ref="KcDaoImp"></property>
	</bean>
</beans>