<?xml version="1.0" encoding="UTF-8" ?>
<!DOCTYPE struts PUBLIC "-//Apache Software Foundation//DTD Struts Configuration 2.1//EN" "http://struts.apache.org/dtds/struts-2.1.dtd">
<struts>
 <package name="default" extends="struts-default">
       <action name="login" class="loginAction">
            <result name="success">/main.jsp</result>
            <result name="error">/login.jsp</result>
       </action>
       <action name="xsInfo" class="XsAction">
            <result name="success">/xsInfo.jsp</result>
       </action>
       <action name="updateXsInfo" class="XsAction" method="updateXsInfo">
       <result name="success">/updateXsInfo.jsp</result>
       </action>
       <action name="updateXs" class="XsAction" method="updateXs">
       <result name="success">/updateXs_success.jsp</result>
       </action>
       <action name="getAllKc" class="XsAction" method="getAllKc">
       <result name="success">/allKc.jsp</result>
       </action>
       <action name="selectKc"  class="XsAction"  method="selectKc">
       <result name="success">/selectKc_success.jsp</result>
       <result name="error">/selectKc_fail.jsp</result>
       </action>
       <action name="getXsKcs" class="XsAction" method="getXsKcs">
       <result name="success">/xsKcs.jsp</result>
       </action>
       <action name="deleteKc" class="XsAction" method="deleteKc">
       <result name="success">/delete_success.jsp</result>
       </action>
 </package>
</struts>    
