<?xml version="1.0" encoding="utf-8"?>
<!DOCTYPE hibernate-mapping PUBLIC "-//Hibernate/Hibernate Mapping DTD 3.0//EN"
"http://hibernate.sourceforge.net/hibernate-mapping-3.0.dtd">
<!-- 
    Mapping file autogenerated by MyEclipse Persistence Tools
-->
<hibernate-mapping>
    <class name="org.model.Dlb" table="DLB" schema="dbo" catalog="xsxkBFZL">
        <id name="id" type="java.lang.Integer">
            <column name="ID" />
            <generator class="native" />
        </id>
        <property name="xh" type="java.lang.String">
            <column name="XH" length="50" />
        </property>
        <property name="kl" type="java.lang.String">
            <column name="KL" length="50" />
        </property>
    </class>
</hibernate-mapping>
