<?xml version="1.0" encoding="utf-8"?>
<!DOCTYPE hibernate-mapping PUBLIC "-//Hibernate/Hibernate Mapping DTD 3.0//EN"
                                   "http://hibernate.sourceforge.net/hibernate-mapping-3.0.dtd">
<!-- 
    Mapping file autogenerated by MyEclipse Persistence Tools
-->
<hibernate-mapping>
 <class catalog="xsxkBFZL" name="org.model.Kcb" schema="dbo" table="KCB">
  <id name="kch" type="java.lang.String">
   <column length="50" name="KCH"/>
   <generator class="assigned"/>
  </id>
  <property generated="never" lazy="false" name="kcm" type="java.lang.String">
   <column length="50" name="KCM"/>
  </property>
  <property generated="never" lazy="false" name="kxxq" type="java.lang.Short">
   <column name="KXXQ"/>
  </property>
  <property generated="never" lazy="false" name="xs" type="java.lang.Integer">
   <column name="XS"/>
  </property>
  <property generated="never" lazy="false" name="xf" type="java.lang.Integer">
   <column name="XF"/>
  </property>
  <set cascade="all" lazy="false" name="xss" table="XS_KCB">
   <key column="KCH"/>
   <many-to-many class="org.model.Xsb" column="XH"/>
  </set>
 </class>
</hibernate-mapping>
