<?xml version="1.0" encoding="utf-8"?>
<!DOCTYPE hibernate-mapping PUBLIC "-//Hibernate/Hibernate Mapping DTD 3.0//EN"
                                   "http://hibernate.sourceforge.net/hibernate-mapping-3.0.dtd">
<!-- 
    Mapping file autogenerated by MyEclipse Persistence Tools
-->
<hibernate-mapping>
 <class catalog="xsxkBFZL" name="org.model.Xsb" schema="dbo" table="XSB">
  <id name="xh" type="java.lang.String">
   <column length="50" name="XH"/>
   <generator class="assigned"/>
  </id>
  <many-to-one class="org.model.Zyb" fetch="select" name="zyb" lazy="false">
   <column name="ZY_ID" not-null="true"/>
  </many-to-one>
  <property generated="never" lazy="false" name="xm" type="java.lang.String">
   <column length="50" name="XM"/>
  </property>
  <property generated="never" lazy="false" name="xb" type="java.lang.Byte">
   <column name="XB"/>
  </property>
  <property generated="never" lazy="false" name="cssj" type="java.sql.Date">
   <column length="23" name="CSSJ"/>
  </property>
  <property generated="never" lazy="false" name="zxf" type="java.lang.Integer">
   <column name="ZXF"/>
  </property>
  <property generated="never" lazy="false" name="bz" type="java.lang.String">
   <column length="500" name="BZ"/>
  </property>
  <property generated="never" lazy="false" name="zp">
   <column name="ZP"/>
  </property>
  <set cascade="all" lazy="false" name="kcs" table="XS_KCB">
   <key column="XH"/>
   <many-to-many class="org.model.Kcb" column="KCH"/>
  </set>
 </class>
</hibernate-mapping>
