<?xml version="1.0" encoding="utf-8"?>
<!DOCTYPE hibernate-mapping PUBLIC "-//Hibernate/Hibernate Mapping DTD 3.0//EN"
"http://hibernate.sourceforge.net/hibernate-mapping-3.0.dtd">
<!-- 
    Mapping file autogenerated by MyEclipse Persistence Tools
-->
<hibernate-mapping>
    <class name="org.model.Zyb" table="ZYB" schema="dbo" catalog="xsxkBFZL">
        <id name="id" type="java.lang.Integer">
            <column name="ID" />
            <generator class="native" />
        </id>
        <property name="zym" type="java.lang.String">
            <column name="ZYM" length="50" />
        </property>
        <property name="rs" type="java.lang.Integer">
            <column name="RS" />
        </property>
        <property name="fdy" type="java.lang.String">
            <column name="FDY" length="50" />
        </property>
        <set name="xsbs" inverse="true">
            <key>
                <column name="ZY_ID" not-null="true"/>
            </key>
            <one-to-many class="org.model.Xsb" />
        </set>
    </class>
</hibernate-mapping>
